user_id,reason
3853333526,"[{'code': 34, 'message': 'Sorry, that page does not exist.'}]"
1512772610,Not authorized.
4422755772,Not authorized.
1977872942,Not authorized.
3294732860,Not authorized.
4376518697,Not authorized.
3581994913,Not authorized.
119064154,Not authorized.
3186319947,Not authorized.
1731481754,Not authorized.
1970328174,Not authorized.
3252761153,Not authorized.
1972782972,Not authorized.
394843636,Not authorized.
82570028,Not authorized.
2754082609,Not authorized.
3032201618,"[{'code': 34, 'message': 'Sorry, that page does not exist.'}]"
348847009,Not authorized.
3046319776,Not authorized.
2877530091,Not authorized.
351814159,Not authorized.
600396531,Not authorized.
3287352410,"[{'code': 34, 'message': 'Sorry, that page does not exist.'}]"
2985092002,Not authorized.
3239963413,Not authorized.
3474814156,Not authorized.
3288831901,Not authorized.
1976041280,Not authorized.
2271357264,Not authorized.
1016565120,"[{'code': 34, 'message': 'Sorry, that page does not exist.'}]"
1973515340,Not authorized.
355962374,"[{'code': 34, 'message': 'Sorry, that page does not exist.'}]"
3490657213,Not authorized.
1919165286,"[{'code': 34, 'message': 'Sorry, that page does not exist.'}]"
1851154382,Not authorized.
3502015274,Not authorized.
1970703152,Not authorized.
459721614,Not authorized.
1971555709,Not authorized.
1972878606,"[{'code': 34, 'message': 'Sorry, that page does not exist.'}]"
445736842,"[{'code': 34, 'message': 'Sorry, that page does not exist.'}]"
194185569,"[{'code': 34, 'message': 'Sorry, that page does not exist.'}]"
22297031,Not authorized.
3154726308,"[{'code': 34, 'message': 'Sorry, that page does not exist.'}]"
2202871868,Not authorized.
3003131772,"[{'code': 34, 'message': 'Sorry, that page does not exist.'}]"
4422953174,"[{'code': 34, 'message': 'Sorry, that page does not exist.'}]"
1976408659,Not authorized.
3387308074,Not authorized.
3305295103,Not authorized.
322820365,Not authorized.
3790542373,Not authorized.
3007712956,Not authorized.
3033865521,Not authorized.
1572102462,Not authorized.
2891710566,Not authorized.
3240818360,Not authorized.
2645572765,Not authorized.
234358206,Not authorized.
3074248227,Not authorized.
4265240773,"[{'code': 34, 'message': 'Sorry, that page does not exist.'}]"
3091951399,"[{'code': 34, 'message': 'Sorry, that page does not exist.'}]"
99244635,Not authorized.
2397650810,Not authorized.
3575130372,Not authorized.
2646473046,Not authorized.
3250621111,Not authorized.
2552434680,Not authorized.
4400541075,Not authorized.
589181865,Not authorized.
2289998054,"[{'code': 34, 'message': 'Sorry, that page does not exist.'}]"
1101549631,Not authorized.
224039405,Not authorized.
348993718,Not authorized.
622414960,"[{'code': 34, 'message': 'Sorry, that page does not exist.'}]"
4585580901,Not authorized.
1970697834,Not authorized.
119422857,Not authorized.
1847841714,Not authorized.
2602204381,Not authorized.
2605569648,Not authorized.
614340916,Not authorized.
1970877422,Not authorized.
3319632380,Not authorized.
1399070276,"[{'code': 34, 'message': 'Sorry, that page does not exist.'}]"
2356692054,Not authorized.
3323313672,Not authorized.
3398798645,Not authorized.
3101704765,Not authorized.
1974111620,Not authorized.
2443966620,Not authorized.
3400714546,Not authorized.
1542955794,Not authorized.
2661841220,"[{'code': 34, 'message': 'Sorry, that page does not exist.'}]"
2539605696,Not authorized.
3347226033,Not authorized.
17611734,Not authorized.
1608166597,Not authorized.
3421050154,Not authorized.
3181377018,Not authorized.
28845134,Not authorized.
4542042014,Not authorized.
122077176,Not authorized.
2895032444,Not authorized.
187028500,"[{'code': 34, 'message': 'Sorry, that page does not exist.'}]"
3189717513,Not authorized.
168437973,Not authorized.
1694387767,Not authorized.
2331663196,Not authorized.
2874783978,Not authorized.
1797824780,Not authorized.
3145976002,Not authorized.
2750110050,Not authorized.
3889616472,"[{'code': 34, 'message': 'Sorry, that page does not exist.'}]"
2795282804,Not authorized.
3228822575,Not authorized.
1908706016,Not authorized.
1975395252,Not authorized.
1927273747,Not authorized.
1834095612,Not authorized.
2285335026,Not authorized.
2366156712,Not authorized.
217074626,"[{'code': 34, 'message': 'Sorry, that page does not exist.'}]"
619248033,Not authorized.
2836050248,"[{'code': 34, 'message': 'Sorry, that page does not exist.'}]"
31457139,Not authorized.
460143667,Not authorized.
570456177,Not authorized.
56207114,Not authorized.
445142568,Not authorized.
4480715653,"[{'code': 34, 'message': 'Sorry, that page does not exist.'}]"
2582740788,Not authorized.
406409513,Not authorized.
4560326352,"[{'code': 34, 'message': 'Sorry, that page does not exist.'}]"
1334629177,"[{'code': 34, 'message': 'Sorry, that page does not exist.'}]"
21665671,Not authorized.
1146556242,Not authorized.
988412814,Not authorized.
490596975,"[{'code': 34, 'message': 'Sorry, that page does not exist.'}]"
628662374,"[{'code': 34, 'message': 'Sorry, that page does not exist.'}]"
3754391533,Not authorized.
38514217,Not authorized.
2286015528,Not authorized.
2392933548,"[{'code': 34, 'message': 'Sorry, that page does not exist.'}]"
153468579,Not authorized.
4001719398,"[{'code': 34, 'message': 'Sorry, that page does not exist.'}]"
1105326235,Not authorized.
3867326773,Not authorized.
1308605071,Not authorized.
329191487,Not authorized.
2762040830,"[{'code': 34, 'message': 'Sorry, that page does not exist.'}]"
55776825,Not authorized.
603333105,Not authorized.
629870510,"[{'code': 34, 'message': 'Sorry, that page does not exist.'}]"
3242777222,"[{'code': 34, 'message': 'Sorry, that page does not exist.'}]"
353787346,"[{'code': 34, 'message': 'Sorry, that page does not exist.'}]"
1977988802,Not authorized.
220494041,Not authorized.
2361250165,Not authorized.
2409498510,Not authorized.
1690030483,Not authorized.
3272844512,"[{'code': 34, 'message': 'Sorry, that page does not exist.'}]"
2858202754,"[{'code': 34, 'message': 'Sorry, that page does not exist.'}]"
894654170,Not authorized.
75852983,"[{'code': 34, 'message': 'Sorry, that page does not exist.'}]"
39001193,Not authorized.
512669661,Not authorized.
2406376122,"[{'code': 34, 'message': 'Sorry, that page does not exist.'}]"
1415981090,Not authorized.
2586402938,Not authorized.
1971204457,Not authorized.
3022830775,Not authorized.
16375609,Not authorized.
83291728,Not authorized.
233688382,Not authorized.
138368829,Not authorized.
285375765,"[{'code': 34, 'message': 'Sorry, that page does not exist.'}]"
1267891381,Not authorized.
602741040,Not authorized.
264700057,Not authorized.
348080318,Not authorized.
3219453493,"[{'code': 34, 'message': 'Sorry, that page does not exist.'}]"
2352569820,Not authorized.
323283645,Not authorized.
2578810325,Not authorized.
983286577,Not authorized.
3101474948,Not authorized.
950385596,"[{'code': 34, 'message': 'Sorry, that page does not exist.'}]"
700015848,"[{'code': 34, 'message': 'Sorry, that page does not exist.'}]"
473851419,"[{'code': 34, 'message': 'Sorry, that page does not exist.'}]"
1362860816,Not authorized.
374888271,Not authorized.
630232341,"[{'code': 34, 'message': 'Sorry, that page does not exist.'}]"
458464658,Not authorized.
335395813,Not authorized.
420766819,Not authorized.
1977751153,Not authorized.
1970574715,Not authorized.
331182518,"[{'code': 34, 'message': 'Sorry, that page does not exist.'}]"
29882594,"[{'code': 34, 'message': 'Sorry, that page does not exist.'}]"
259067734,Not authorized.
2223355820,Not authorized.
3316985513,Not authorized.
717319255,Not authorized.
264296460,Not authorized.
3297219175,Not authorized.
3260228294,Not authorized.
147458525,Not authorized.
1010928002,Not authorized.
805531376,Not authorized.
102349665,Not authorized.
85053370,"[{'code': 34, 'message': 'Sorry, that page does not exist.'}]"
2532804864,Not authorized.
222780160,Not authorized.
262146488,Not authorized.
2393726047,Not authorized.
1431480199,Not authorized.
2164957630,"[{'code': 34, 'message': 'Sorry, that page does not exist.'}]"
601709086,"[{'code': 34, 'message': 'Sorry, that page does not exist.'}]"
3076295722,"[{'code': 34, 'message': 'Sorry, that page does not exist.'}]"
143476840,Not authorized.
1607282875,Not authorized.
116262962,Not authorized.
2825004866,Not authorized.
414640283,Not authorized.
393490561,Not authorized.
2370248120,Not authorized.
307219650,Not authorized.
302087933,Not authorized.
2681340654,"[{'code': 34, 'message': 'Sorry, that page does not exist.'}]"
319000359,Not authorized.
2756242935,Not authorized.
459781352,Not authorized.
2304042805,Not authorized.
296057470,"[{'code': 34, 'message': 'Sorry, that page does not exist.'}]"
41458916,Not authorized.
3246372020,Not authorized.
521732479,"[{'code': 34, 'message': 'Sorry, that page does not exist.'}]"
2495553179,Not authorized.
258902704,Not authorized.
3319331846,"[{'code': 34, 'message': 'Sorry, that page does not exist.'}]"
555619075,Not authorized.
4266998195,Not authorized.
29021288,Not authorized.
3652521695,"[{'code': 34, 'message': 'Sorry, that page does not exist.'}]"
230680562,Not authorized.
18098356,Not authorized.
383628985,Not authorized.
289704689,"[{'code': 34, 'message': 'Sorry, that page does not exist.'}]"
4002263595,Not authorized.
211044804,Not authorized.
349991500,Not authorized.
175473603,Not authorized.
598652078,Not authorized.
1970343116,Not authorized.
628155846,"[{'code': 34, 'message': 'Sorry, that page does not exist.'}]"
2467783618,Not authorized.
3745132934,"[{'code': 34, 'message': 'Sorry, that page does not exist.'}]"
496599427,Not authorized.
322487658,Not authorized.
4038879863,"[{'code': 34, 'message': 'Sorry, that page does not exist.'}]"
96413639,Not authorized.
1669188732,Not authorized.
1399838978,Not authorized.
65112161,Not authorized.
2938689871,Not authorized.
2998946906,Not authorized.
1907276666,Not authorized.
970585998,Not authorized.
452711545,Not authorized.
2149472353,Not authorized.
464399942,Not authorized.
103370493,"[{'code': 34, 'message': 'Sorry, that page does not exist.'}]"
205939454,"[{'code': 34, 'message': 'Sorry, that page does not exist.'}]"
354409100,"[{'code': 34, 'message': 'Sorry, that page does not exist.'}]"
2176218074,Not authorized.
132457819,Not authorized.
826987922,Not authorized.
2531396480,"[{'code': 34, 'message': 'Sorry, that page does not exist.'}]"
1973528965,"[{'code': 34, 'message': 'Sorry, that page does not exist.'}]"
296868795,Not authorized.
1136015551,Not authorized.
103011461,Not authorized.
816471732,"[{'code': 34, 'message': 'Sorry, that page does not exist.'}]"
1972792171,Not authorized.
1973072802,Not authorized.
2521483693,Not authorized.
1912854409,Not authorized.
2761775632,Not authorized.
3257655180,Not authorized.
2569473063,"[{'code': 34, 'message': 'Sorry, that page does not exist.'}]"
2314994292,Not authorized.
4203913918,"[{'code': 34, 'message': 'Sorry, that page does not exist.'}]"
1566151250,Not authorized.
755523750,Not authorized.
266798261,"[{'code': 34, 'message': 'Sorry, that page does not exist.'}]"
385216443,Not authorized.
301233131,Not authorized.
293270608,Not authorized.
3221859330,Not authorized.
624254213,Not authorized.
3169593132,"[{'code': 34, 'message': 'Sorry, that page does not exist.'}]"
2376273800,Not authorized.
2878751931,Not authorized.
342682560,Not authorized.
727767163,"[{'code': 34, 'message': 'Sorry, that page does not exist.'}]"
64037571,Not authorized.
3253056651,Not authorized.
569309724,"[{'code': 34, 'message': 'Sorry, that page does not exist.'}]"
188336574,Not authorized.
1134125707,Not authorized.
3073445159,"[{'code': 34, 'message': 'Sorry, that page does not exist.'}]"
4466334914,Not authorized.
887282149,Not authorized.
160352926,Not authorized.
258574901,Not authorized.
426913964,"[{'code': 34, 'message': 'Sorry, that page does not exist.'}]"
3051942950,Not authorized.
439251931,Not authorized.
3111912033,Not authorized.
2597987064,Not authorized.
384162824,"[{'code': 34, 'message': 'Sorry, that page does not exist.'}]"
1479981978,Not authorized.
1258335870,"[{'code': 34, 'message': 'Sorry, that page does not exist.'}]"
391844038,Not authorized.
318924291,Not authorized.
77896411,Not authorized.
359980404,Not authorized.
599728356,Not authorized.
90136578,"[{'code': 34, 'message': 'Sorry, that page does not exist.'}]"
3800533754,Not authorized.
409438453,"[{'code': 34, 'message': 'Sorry, that page does not exist.'}]"
1031489539,Not authorized.
1099945530,Not authorized.
2962665951,"[{'code': 34, 'message': 'Sorry, that page does not exist.'}]"
294879678,Not authorized.
3901036876,Not authorized.
2736673189,Not authorized.
1475262986,Not authorized.
3322067841,Not authorized.
3082923365,Not authorized.
22766061,Not authorized.
3158451774,Not authorized.
70027713,"[{'code': 34, 'message': 'Sorry, that page does not exist.'}]"
3289576129,Not authorized.
2904027546,Not authorized.
131788043,Not authorized.
4362810312,"[{'code': 34, 'message': 'Sorry, that page does not exist.'}]"
345120656,"[{'code': 34, 'message': 'Sorry, that page does not exist.'}]"
96594090,Not authorized.
1132776360,Not authorized.
502884785,Not authorized.
300196108,Not authorized.
284885130,Not authorized.
3225752929,Not authorized.
618691716,Not authorized.
195343948,"[{'code': 34, 'message': 'Sorry, that page does not exist.'}]"
1455735410,"[{'code': 34, 'message': 'Sorry, that page does not exist.'}]"
2874240426,Not authorized.
2706507917,Not authorized.
314278850,Not authorized.
43408062,Not authorized.
521967652,Not authorized.
1013680844,Not authorized.
2679929112,"[{'code': 34, 'message': 'Sorry, that page does not exist.'}]"
3870970312,"[{'code': 34, 'message': 'Sorry, that page does not exist.'}]"
3322367038,Not authorized.
3016601638,Not authorized.
1036162327,Not authorized.
455333464,Not authorized.
596944781,"[{'code': 34, 'message': 'Sorry, that page does not exist.'}]"
721329892,Not authorized.
1975974486,Not authorized.
230686637,Not authorized.
834360697,"[{'code': 34, 'message': 'Sorry, that page does not exist.'}]"
354772361,Not authorized.
284409693,"[{'code': 34, 'message': 'Sorry, that page does not exist.'}]"
271004201,Not authorized.
869559654,Not authorized.
1624821542,Not authorized.
3653537653,Not authorized.
199911832,Not authorized.
3185065083,"[{'code': 34, 'message': 'Sorry, that page does not exist.'}]"
1062421026,Not authorized.
2757890638,"[{'code': 34, 'message': 'Sorry, that page does not exist.'}]"
2391966654,"[{'code': 34, 'message': 'Sorry, that page does not exist.'}]"
84089194,Not authorized.
15180432,Not authorized.
3434243500,"[{'code': 34, 'message': 'Sorry, that page does not exist.'}]"
1977330973,Not authorized.
962688391,Not authorized.
3122575075,Not authorized.
158043419,Not authorized.
176048108,Not authorized.
3293798669,Not authorized.
400571750,Not authorized.
1609578770,Not authorized.
2518795230,"[{'code': 34, 'message': 'Sorry, that page does not exist.'}]"
265738935,Not authorized.
400802777,Not authorized.
3386567578,Not authorized.
1617259352,Not authorized.
3348306022,Not authorized.
1191284419,Not authorized.
3023896770,Not authorized.
2819015299,Not authorized.
4516415180,Not authorized.
2482538558,"[{'code': 34, 'message': 'Sorry, that page does not exist.'}]"
279285305,Not authorized.
165062420,Not authorized.
183917094,Not authorized.
184241768,"[{'code': 34, 'message': 'Sorry, that page does not exist.'}]"
383772562,Not authorized.
232259317,Not authorized.
957246810,"[{'code': 34, 'message': 'Sorry, that page does not exist.'}]"
53524603,Not authorized.
2833676562,Not authorized.
1514310278,"[{'code': 34, 'message': 'Sorry, that page does not exist.'}]"
2227215693,Not authorized.
20464522,"[{'code': 34, 'message': 'Sorry, that page does not exist.'}]"
2211596977,Not authorized.
4212000013,"[{'code': 34, 'message': 'Sorry, that page does not exist.'}]"
2431387897,Not authorized.
587696384,"[{'code': 34, 'message': 'Sorry, that page does not exist.'}]"
3180271130,"[{'code': 34, 'message': 'Sorry, that page does not exist.'}]"
2459806663,Not authorized.
895454826,Not authorized.
36624481,"[{'code': 34, 'message': 'Sorry, that page does not exist.'}]"
3394060059,Not authorized.
